User-ID;Location;Age
243;arden hills, minnesota, usa;
254;minneapolis, minnesota, usa;24.0
638;san diego, california, usa;20.0
805;sonoma, california, usa;34.0
882;berkeley, california, usa;23.0
1025;maidstone, england, united kingdom;33.0
1131;berkeley, ,;22.0
1424;north avoca, new south wales, australia;
1435;st. louis, missouri, usa;36.0
1848;bellingham, washington, usa;22.0
2033;omaha, nebraska, usa;27.0
2110;charlotte, north carolina, usa;
2276;niskayuna, new york, usa;46.0
2337;grove city, ohio, usa;34.0
2766;frisco, texas, usa;42.0
2891;beaverton, oregon, usa;
3167;milwaukee, wisconsin, usa;42.0
3363;knoxville, tennessee, usa;29.0
3371;groveland, massachusetts, usa;25.0
3373;elk grove, california, usa;30.0
3827;orlando, florida, usa;23.0
4017;new orleans, louisiana, usa;48.0
4938;charleston, south carolina, usa;30.0
5476;chester, ,;
5539;austin, texas, usa;32.0
5582;seattle, washington, usa;26.0
6073;houston, texas, usa;28.0
6238;silsden, keighley, west yorkshire, united kingdom;38.0
6242;calgary, alberta, canada;
6251;wahiawa, hawaii, usa;32.0
6323;wilmington, north carolina, usa;35.0
6532;new westminster, british columbia, canada;
6543;strafford, missouri, usa;34.0
6563;burien, washington, usa;31.0
6575;seattle, washington, usa;
6577;coral springs, florida, usa;62.0
6772;calgary, ,;
7125;apo, ae, usa;28.0
7158;omaha, nebraska, usa;30.0
7283;saint marys, georgia, usa;30.0
7346;sunnyvale, california, usa;49.0
7841;salt lake city, utah, usa;
7915;st. paul, minnesota, usa;
8066;chicago, illinois, usa;
8067;owings mills, maryland, usa;26.0
8234;colorado springs, colorado, usa;44.0
8245;torrance, california, usa;31.0
8253;tulsa, oklahoma, usa;26.0
8454;auburndale, massachusetts, usa;
8681;orlando, florida, usa;34.0
8734;chula vista, california, usa;
8801;san francisco, california, usa;24.0
8936;elizabeth city, north carolina, usa;18.0
9417;whitby, ontario, canada;26.0
9613;collings lakes, new jersey, usa;34.0
9856;glendale, colorado, usa;22.0
10314;beaverton, oregon, usa;
10447;chicago, illinois, usa;
10560;chicago, illinois, usa;27.0
11224;tumwater, washington, usa;51.0
11245;scarborough, ontario, canada;
11400;ottawa, ontario, canada;49.0
11601;brooklyn, new york, usa;
11676;n/a, n/a, n/a;
11718;reno, nevada, usa;
11724;west lawn, pennsylvania, usa;42.0
11993;lakewood, colorado, usa;37.0
12154;pittsburgh, pennsylvania, usa;41.0
12538;byron, minnesota, usa;18.0
12824;long beach, california, usa;18.0
12917;moore, oklahoma, usa;24.0
12982;getxo, vizcaya, spain;41.0
13273;harrisburg, pennsylvania, usa;201.0
13552;cordova, tennessee, usa;32.0
13582;lisboa, lisboa, portugal;29.0
13850;online, n/a, usa;28.0
14387;coalville, leicestershire, england, united kingdom;35.0
14422;apple valley, minnesota, usa;
14456;edmonton, alberta, canada;27.0
14521;providence, rhode island, usa;
14667;rocky mount, missouri, usa;
15049;benbrook, texas, usa;28.0
15408;cary, north carolina, usa;34.0
15418;vitoria, álava, spain;23.0
15602;cherry hill, new jersey, usa;21.0
16009;stratford, new jersey, usa;25.0
16106;albany, california, usa;44.0
16488;milwaukee, wisconsin, usa;36.0
16634;little rock, arkansas, usa;42.0
16718;houston, texas, usa;29.0
16795;mechanicsville, maryland, usa;47.0
16916;hackettstown, new jersey, usa;53.0
16966;waterloo, ontario, canada;41.0
16996;stratford, iowa, usa;23.0
17003;carlsbad, california, usa;
17667;iowa city, iowa, usa;33.0
17761;pinckney, michigan, usa;
17859;roanoke, virginia, usa;43.0
17950;puchong, selangor, malaysia;32.0
18067;kajang, selangor, malaysia;33.0
18082;southern, california, usa;38.0
19085;menomonie, wisconsin, usa;60.0
19493;baldwin, ,;
19573;stockton, california, usa;69.0
19664;katonah, new york, usa;19.0
19711;katy, texas, usa;
19842;***********, illinois, usa;
20060;baltimore, maryland, usa;48.0
20172;saratoga springs, utah, usa;27.0
20180;sacramento, california, usa;36.0
20201;grove city, ohio, usa;31.0
20462;bossier city, louisiana, usa;
20680;los angeles, california, usa;41.0
21011;san francisco, california, usa;44.0
21014;fresno, california, usa;
21031;alexandria, virginia, usa;36.0
21356;westwood, new jersey, usa;56.0
21404;west vancouver, british columbia, canada;
21484;madison, wisconsin, usa;21.0
21576;memphis, tennessee, usa;31.0
21618;atlanta, georgia, usa;24.0
21659;san jose, california, usa;31.0
22045;sacramento, california, usa;
22074;san luis obispo, california, usa;
22252;elmhurst, new york, usa;38.0
22521;montgomery, alabama, usa;18.0
22625;lynbrook, new york, usa;54.0
22818;franklin, pennsylvania, usa;28.0
23511;chapel hill, north carolina, usa;56.0
23547;mcallen, texas, usa;26.0
23571;burbank, california, usa;41.0
23699;minneapolis, minnesota, usa;25.0
23768;st. louis, missouri, usa;45.0
23872;tulsa, oklahoma, usa;22.0
23902;london, england, united kingdom;
23933;burleson, texas, usa;43.0
24194;palos hills, illinois, usa;20.0
24433;deventer, overijssel, netherlands;37.0
24933;long island, new york, usa;44.0
25131;grimes, iowa, usa;
25409;la mesa, california, usa;31.0
25919;evansville, indiana, usa;
25981;nj, new jersey, usa;
26057;halifax, nova scotia, canada;18.0
26240;sacramento, california, usa;
26517;dallas, north carolina, usa;
26544;woodbridge, virginia, usa;37.0
26620;napa, california,;
26621;haskell, new jersey, usa;
26883;vienna, vienna, austria;
27472;bountiful, utah, usa;41.0
27617;beaverton, ontario, canada;32.0
27647;lisboa, lisboa, portugal;
27740;san diego, , usa;57.0
27812;long beach, california, usa;33.0
27875;new port richey, florida, usa;
28016;port clinton, ohio, usa;31.0
28177;grand rapids, michigan, usa;26.0
28204;south ohio, nova scotia, canada;61.0
28619;hartford, connecticut, usa;
28634;bad axe, michigan, usa;28.0
29209;boca raton, florida, usa;
29259;mt. airy, , usa;39.0
29526;knoxville, tennessee, usa;26.0
29855;morris, connecticut, usa;53.0
30035;vancouver, british columbia, canada;37.0
30052;minneapolis, minnesota, usa;
30081;east providence, rhode island, usa;25.0
30273;naples, florida, usa;25.0
30276;wildwood, new jersey, usa;49.0
30487;newbury park, california, usa;40.0
30511;culemborg, gelderland, netherlands;
30533;charleston, south carolina, usa;
30555;corvallis, oregon, usa;22.0
30711;sydney, new south wales, australia;32.0
30735;corvallis, oregon, usa;
30972;columbiana, alabama, usa;47.0
30985;cape coral, florida, usa;
30994;mission hills, california, usa;
31040;san ramon, california, usa;
31315;henryville, indiana, usa;34.0
31391;wilmington, massachusetts, usa;38.0
31393;portland, oregon, usa;
31556;chula vista, california, usa;51.0
31826;jasper, missouri, usa;54.0
31846;phoenix, , usa;
32148;edmonton, alberta, canada;
32195;fall river, massachusetts, usa;
32250;gta, ontario, canada;29.0
32440;dunedin, otago, new zealand;
32569;richmond hill, ontario, canada;19.0
32599;york, south carolina, usa;17.0
32721;toulouse, haute-garonne, france;36.0
32773;olathe, kansas, usa;28.0
32802;courtenay, british columbia, canada;
33124;london, ontario, canada;
33179;freedonia, emilia romagna, antarctica;
33319;calgary, alberta, canada;24.0
33580;rockwell, north carolina, usa;27.0
33818;winnipeg, manitoba, canada;29.0
33862;abingdon, maryland, usa;
33933;hull, massachusetts, usa;35.0
33974;barnhart, missouri, usa;24.0
33999;pittsburgh, pennsylvania, usa;51.0
34300;burlington, ontario, canada;35.0
34588;west linn, oregon, usa;
34752;bristow, virginia, usa;26.0
35445;terre haute, indiana, usa;31.0
35704;kansas city, missouri, usa;53.0
35836;rochester, new york, usa;34.0
35857;mentor, ohio, usa;36.0
35859;duluth, minnesota, usa;
35918;reno, nevada, usa;
36003;shah alam, selangor, malaysia;26.0
36135;charleston, south carolina, usa;
36256;amarillo, texas, usa;39.0
36299;austin, texas, usa;50.0
36327;wirtz, virginia, usa;
36606;san marcos, california, usa;39.0
36609;zachary, louisiana, usa;32.0
36715;lexington, kentucky, usa;
36807;wisconsin rapids, wisconsin, usa;27.0
36817;south hadley, massachusetts, usa;29.0
36907;dunnville, ontario, canada;39.0
37208;mesa, arizona, usa;30.0
37227;hamilton, ohio, usa;27.0
37311;oroville, california, usa;
37400;portland, oregon, usa;27.0
37512;tulsa, oklahoma, usa;27.0
37538;kuala lumpur, n/a, malaysia;
37644;sudbury, massachusetts, usa;18.0
37712;cincinnati, ohio, usa;23.0
37874;williamsburg, virginia, usa;43.0
37950;calgary, alberta, canada;
37989;union city, california, usa;57.0
38023;hayward, california, usa;30.0
38273;chandler, arizona, usa;
38281;barcelona, catalunya, spain;33.0
38556;edmonton, alberta, canada;
38933;san diego, california, usa;37.0
38995;woodbine, maryland, usa;44.0
39281;morris plains, new jersey, usa;45.0
39345;jacksonville, florida, usa;47.0
39467;barcelona, catalunya, spain;35.0
39616;las vegas, nevada, usa;38.0
39646;fairless hills, pennsylvania, usa;35.0
39773;miami, florida, usa;49.0
40330;germantown, maryland, usa;
40415;san francisco, california, usa;34.0
40889;brainerd, minnesota, usa;37.0
40914;phoenix, arizona, usa;28.0
40943;oklahoma city, oklahoma, usa;40.0
41084;orlando, florida, usa;36.0
41177;austin, texas, usa;38.0
41455;toronto, ontario, canada;
41589;bellingham, washington, usa;51.0
41781;clinton twp., michigan, usa;54.0
41841;sherwood park, alberta, canada;
42093;fair haven, new jersey, usa;50.0
42410;spring, texas, usa;
42458;north york, ontario, canada;47.0
42597;san pedro, california, usa;52.0
42914;clarksville, indiana, usa;26.0
43246;toronto, ontario, canada;36.0
43481;bridgewater, connecticut, usa;57.0
43619;shrewsbury, massachusetts, usa;26.0
43687;sacramento, california, usa;27.0
43806;delano, minnesota, usa;31.0
43842;tucson, ,;
43910;granada hills, california, usa;43.0
44252;fairview, new jersey, usa;28.0
44728;florence, alabama, usa;31.0
44842;north wales, ,;
44852;spring, texas, usa;39.0
44893;alexandria, virginia, usa;
45315;ada, michigan, usa;
45557;flossmoor, illinois, usa;33.0
46398;san antonio, texas, usa;37.0
46443;asheville, north carolina, usa;14.0
46892;northridge, california, usa;35.0
46909;howell, new jersey, usa;31.0
47128;elmhurst, illinois, usa;33.0
47316;comanche, texas, usa;
47793;natick, massachusetts, usa;
48025;concordia, missouri, usa;43.0
48046;central sq., new york, usa;
48268;vienna, vienna, austria;18.0
48494;lemon grove, california, usa;51.0
48743;freeport, ,;
48975;beaver dams, new york, usa;
49109;west jordan, utah, usa;38.0
49212;san francisco, california, usa;38.0
49225;medina, ohio, usa;
49314;decatur, georgia, usa;
49422;regensburg, bayern, germany;
49460;., kansas, usa;37.0
49980;new hartford, new york, usa;27.0
50073;south portland, maine, usa;
50225;fresno, california, usa;
50895;calverton, new york, usa;
51207;mountain city, tennessee, usa;35.0
51252;yucca valley, california, usa;
51350;monroe, ,;
51365;shelbyville, kentucky, usa;48.0
51450;lawrenceville, georgia, usa;54.0
51526;long beach, california, usa;34.0
51742;brooklyn, new york, usa;
51883;jasper, missouri, usa;31.0
51992;west fairlee, vermont, usa;43.0
52159;richmond, california, usa;49.0
52199;houston, texas, usa;47.0
52350;lisboa, n/a, portugal;31.0
52521;safety harbor, florida, usa;38.0
52584;livermore, california, usa;45.0
52853;yuba city, california, usa;61.0
52917;bellevue, washington, usa;42.0
53174;orlando, florida, usa;29.0
53220;fullerton, california, usa;36.0
53241;hillsborough, new jersey, usa;
53256;sterlington, louisiana, usa;21.0
53278;toronto, ontario, canada;34.0
53304;south burlington, vermont, usa;52.0
53392;minneapolis, minnesota, usa;34.0
53418;puyallup, washington, usa;28.0
53456;ne portland, oregon,;
53590;thalwil, zurich, switzerland;40.0
53614;barreiro, barreiro, portugal;30.0
53664;maple ridge, british columbia, canada;
54335;north haven, connecticut, usa;43.0
54622;kuala lumpur, federal territory, malaysia;
54884;nashua, new hampshire, usa;33.0
55027;burlington, north carolina, usa;44.0
55075;seattle, washington, usa;33.0
55178;moore, oklahoma, usa;25.0
55187;torrance, california, usa;48.0
55438;lexington, kentucky, usa;42.0
55490;rapid city, south dakota, usa;25.0
55492;antioch, illinois, usa;43.0
55493;chatham, ontario, canada;35.0
55734;calgary, alberta, canada;37.0
55751;hesperia, california, usa;
55799;scarborough, ontario, canada;
55858;dartmouth, nova scotia, canada;28.0
55892;plantersville, texas, usa;45.0
55927;roscoe, minnesota, usa;17.0
56271;leeds, england, united kingdom;22.0
56307;el segundo, california, usa;
56391;tijeras, nm, usa;40.0
56399;n/a, surrey, united kingdom;63.0
56447;sturgis, michigan, usa;22.0
56554;rural hall, north carolina, usa;39.0
56804;southbridge, canterbury, new zealand;
56856;escondido, california, usa;23.0
56959;monroe twp., new jersey, usa;52.0
57095;cincinnati, ohio, usa;18.0
57105;roswell, georgia, usa;32.0
57398;tigard, oregon, usa;39.0
57599;portland, oregon, usa;27.0
57725;wilmington, delaware, usa;43.0
57976;eugene, oregon, usa;
58255;palmdale, california, usa;14.0
58594;baltimore, maryland, usa;33.0
59150;victoria, british columbia, canada;37.0
59172;owen sound, ontario, canada;36.0
59209;markham, ontario, canada;41.0
59269;indianapolis, indiana, usa;
59390;uniontown, pennsylvania, usa;
59727;plano, texas, usa;24.0
59912;pasadena, california, usa;27.0
60050;brooklyn, new york, usa;40.0
60244;alvin, texas, usa;47.0
60263;middletown, delaware, usa;52.0
60337;st. marys, georgia, usa;50.0
60427;basingstoke, england, united kingdom;37.0
60475;norfolk, virginia, usa;
60546;santa maria, california, usa;
60583;antioch, illinois, usa;
60621;edwardsville, illinois, usa;57.0
60707;manchester, new hampshire, usa;38.0
61028;charleston, south carolina, usa;50.0
61038;riverside public library, illinois, usa;53.0
61147;ebensee, oberoesterreich, austria;44.0
61257;lake placid, florida, usa;25.0
61427;morgan hill, california, usa;
61854;boulder city, nevada, usa;
61901;tucson, arizona, usa;63.0
62272;lake mary, florida, usa;30.0
62464;el cajon, california, usa;26.0
62542;cudahy, wisconsin, usa;40.0
62558;rochester, minnesota, usa;
62862;new milford, connecticut, usa;47.0
62881;milwaukee, wisconsin, usa;39.0
62891;hi nella, new jersey, usa;27.0
62895;chesterfield, derbyshire, united kingdom;39.0
63394;eufaula, alabama, usa;22.0
63625;torrance, california, usa;15.0
63854;waterloo, ontario, canada;45.0
63938;northwest, iowa, usa;
63956;emporia, kansas, usa;28.0
64270;embudo, new mexico, usa;
64310;smyrna, georgia, usa;46.0
64436;san ramon, california, usa;36.0
65258;saginaw, michigan, usa;42.0
65584;tulsa, oklahoma, usa;26.0
65663;syracuse, new york, usa;32.0
65877;tonawanda, new york, usa;
66073;aptos, california, usa;28.0
66323;factoryville, pennsylvania, usa;34.0
66387;kokomo, indiana, usa;52.0
66487;tampa, florida, usa;
66574;astoria, new york, usa;27.0
66680;orange park, florida, usa;67.0
66878;fort myers, florida, usa;42.0
66942;kuching, sarawak, malaysia;31.0
67079;london, england, united kingdom;35.0
67198;denver, colorado, usa;13.0
67547;sierra madre, california, usa;42.0
67591;edmonton, alberta,;
67663;wrightstown, ,;47.0
67840;houston, texas, usa;50.0
68128;mountain view, california, usa;
68156;brooklyn, new york, usa;34.0
68185;virginia beach, virginia, usa;22.0
68256;chickasha, oklahoma, usa;28.0
68436;downieville, california, usa;49.0
68555;bad axe, michigan, usa;
68760;northampton, pennsylvania, usa;
68984;aurora, illinois, usa;26.0
69078;new york, new york, usa;42.0
69156;cross plains, wisconsin, usa;31.0
69211;oviedo, florida, usa;
69232;mooresville, north carolina, usa;55.0
69355;syracuse, new york, usa;
69378;mililani, hawaii, usa;46.0
69389;nebraska city, nebraska, usa;29.0
69405;ede, gelderland, netherlands;36.0
69684;philadelphia, pennsylvania, usa;33.0
69697;west sacramento, california, usa;24.0
69721;minneapolis, minnesota, usa;32.0
69933;perkasie, pennsylvania, usa;
69971;pinehurst, north carolina, usa;43.0
70014;peoria, illinois, usa;
70052;st. john`s, ontario, canada;30.0
70065;winnipeg, manitoba, canada;19.0
70183;carbonear, newfoundland, canada;25.0
70415;crescent city, florida, usa;57.0
70541;hamburg, hamburg, germany;26.0
70594;prince george, british columbia, canada;53.0
70666;warwick, rhode island, usa;18.0
71234;cumberland, maryland, usa;30.0
71490;west los angeles, california, usa;23.0
71752;sarasota, florida, usa;20.0
71786;san jose, california, usa;29.0
71853;somerville, massachusetts, usa;23.0
72214;ottawa, ontario, canada;40.0
72523;grand island, new york, usa;
72990;watertown, new york, usa;31.0
73044;sudbury, ontario, canada;
73056;annapolis, maryland, usa;
73330;seattle, washington, usa;29.0
73394;san diego, california, usa;33.0
73588;astoria, new york, usa;38.0
73651;grapevine, texas, usa;
73681;almada, setúbal, portugal;27.0
73923;montrose, california, usa;29.0
74026;san diego, california, usa;21.0
74056;san gabriel, california, usa;24.0
74286;pampa, texas, usa;23.0
74758;turners falls, massachusetts, usa;24.0
75081;, illinois, usa;29.0
75089;salt lake city, utah, usa;
75149;geneva, illinois, usa;36.0
75485;gainesville, florida, usa;27.0
75591;charleston, west virginia, usa;33.0
75819;west falls, new york, usa;
75860;buffalo, minnesota, usa;30.0
76019;norwich, england, united kingdom;28.0
76102;buckfield, maine, usa;33.0
76151;sioux falls, south dakota, usa;49.0
76173;comox, british columbia, canada;71.0
76223;lisboa, lisboa, portugal;25.0
76351;clarksville, tennessee, usa;34.0
76352;olympia, washington, usa;58.0
76482;zanesville, ohio, usa;103.0
76483;orange park, florida, usa;37.0
76499;new york, new york, usa;
76530;santa clarita, california, usa;55.0
76626;london, england, united kingdom;38.0
76710;marietta, georgia, usa;57.0
76818;little rock, arkansas, usa;49.0
76888;easley, south carolina, usa;19.0
76942;sacramento, california, usa;25.0
77181;louisville, kentucky, usa;33.0
77480;gig harbor, washington, usa;51.0
77724;mission viejo, california, usa;43.0
77809;atlantic highlands, new jersey, usa;29.0
78015;enfield, connecticut, usa;32.0
78448;fairfax, virginia, usa;
78553;el cajon, california, usa;40.0
78783;chantilly, virginia, usa;49.0
78834;honolulu, hawaii, usa;28.0
78973;amadora, lisboa, portugal;29.0
79009;wellsburg, west virginia, usa;
79266;lakeland, florida, usa;
79740;st. louis, missouri, usa;24.0
79977;chesapeake, virginia, usa;35.0
80203;olympia, wa, usa;34.0
80538;lisboa, lisboa, portugal;32.0
80683;new castle, delaware, usa;27.0
80810;warrensburg, missouri, usa;33.0
80945;freiburg, baden-württemberg, germany;46.0
81121;chesterfield, missouri, usa;
81207;maia, porto, portugal;20.0
81216;lake jackson, texas, usa;
81263;shanghai, shanghai, china;17.0
81298;savannah, georgia, usa;20.0
81318;cambridge, massachusetts, usa;25.0
81368;mesa, arizona, usa;28.0
81492;san antonio, texas, usa;28.0
81560;christchurch, canterbury, new zealand;
81597;wichita, kansas, usa;
81682;bluffton, south carolina,;36.0
81771;sacramento, california, usa;37.0
81848;springfield, illinois, usa;35.0
81977;minneapolis, minnesota, usa;34.0
82407;washington, dc, usa;
82497;yulee, florida, usa;47.0
82511;firenze, toscana, italy;
83287;tulsa, oklahoma, usa;45.0
83431;trenton, ontario, canada;35.0
83637;raleigh, north carolina, usa;57.0
83646;covington, virginia, usa;34.0
83671;iowa city, ,;52.0
84024;abilene, texas, usa;37.0
84479;philadelphia, pennsylvania, usa;25.0
84523;apopka, ,;30.0
84795;alpharetta, ,;
84882;woodstock, georgia, usa;
85367;gloversville, new york, usa;17.0
85426;chisholm, minnesota, usa;23.0
85526;victoria, british columbia, canada;36.0
85656;cottage grove, oregon, usa;41.0
85757;pawtucket, rhode island, usa;40.0
85993;portland, oregon, usa;40.0
86145;alexandria, virginia, usa;45.0
86189;tustin, california, usa;
86202;sydney, new south wales, australia;26.0
86243;christchurch, canterbury, new zealand;
86720;calgary, alberta, canada;
86835;mercer island, ,;
86969;forest grove, oregon, usa;59.0
87141;huntington beach, california, usa;
87555;lexington, kentucky, usa;31.0
87712;yarmouth, nova scotia, canada;19.0
87911;new york, new york, usa;20.0
87938;n/a, n/a, malaysia;15.0
87949;gladewater, texas, usa;44.0
87964;toledo, ohio, usa;56.0
88122;jacksonville, north carolina, usa;30.0
88229;thermopolis, wyoming, usa;44.0
88283;hamburg, hamburg, germany;24.0
88412;toronto, ontario, canada;36.0
88693;shanghai, shanghai, china;30.0
88733;houston, texas, usa;
88738;harpers ferry, west virginia, usa;
88793;arcata, california, usa;25.0
88937;cary, north carolina, usa;39.0
89014;surfside beach, south carolina, usa;
89602;honolulu, hawaii, usa;
90049;victoria, british columbia, canada;30.0
90198;cornwall, new york,;34.0
90391;queens, new york, usa;41.0
90417;rye, new hampshire, usa;40.0
90616;southfield, michigan, usa;
91017;holtsville, ,;54.0
91058;blanco, texas, usa;63.0
91103;casper, wyoming, usa;35.0
91113;chicago, illinois, usa;26.0
91184;kuala lumpur, kuala lumpur, malaysia;31.0
91342;doha, doha, qatar;29.0
91634;pgh, pennsylvania, usa;
91647;industry, pennsylvania, usa;49.0
91832;miami, florida, usa;
92156;peoria, illinois, usa;
92405;dortmund, nordrhein-westfalen, germany;26.0
92498;sydney, new south wales, australia;
92547;baker city, oregon, usa;29.0
92810;manistee, michigan, usa;60.0
92853;ely, england, united kingdom;
93047;nashua, new hampshire, usa;52.0
93092;sherwood park, alberta, canada;22.0
93179;san diego, california, usa;
93363;farmington hills, michigan, usa;30.0
93364;calhoun, kentucky, usa;27.0
93426;plano, texas, usa;35.0
93453;palm desert, california, usa;1.0
93565;tustin, ,;72.0
93629;baton rouge, louisiana, usa;54.0
93631;halifax, ,;26.0
94347;oakland, new jersey, usa;44.0
94494;tacoma, washington, usa;24.0
94787;cleveland, ohio, usa;24.0
94853;christchurch, canterbury, new zealand;27.0
94951;san jose, california, usa;37.0
94985;sant cugat del vallès, catalunya, spain;39.0
95173;sterling heights, michigan, usa;
95250;prospect, kentucky, usa;
95316;fredericton, new brunswick, canada;
95359;charleston, west virginia, usa;33.0
95393;austin, texas, usa;33.0
95506;chester, cheshire, united kingdom;42.0
95903;mason, ohio, usa;27.0
95932;manchester, new hampshire, usa;36.0
95991;santa ana, california, usa;28.0
96357;aiken, south carolina, usa;31.0
96440;rochester, new york, usa;29.0
96448;albuquerque, new mexico, usa;
96554;barcelona, catalunya, spain;36.0
96744;jerez de la frontera, cadiz, spain;34.0
96970;minneapolis, minnesota, usa;42.0
97324;costa de caparica, lisbon, portugal;29.0
97694;vancouver, british columbia, canada;25.0
97721;castro valley, california, usa;46.0
97754;schenectady, new york, usa;46.0
97874;n/a, british columbia, canada;
98263;north vancouver, british columbia, canada;35.0
98391;morrow, georgia, usa;52.0
98440;yuma, arizona, usa;17.0
98547;columbia, south carolina, usa;43.0
98628;kuwait, kuwait, kuwait;17.0
98686;norfolk, virginia, usa;32.0
98723;cincinnati, ohio, usa;29.0
98758;calgary, alberta, canada;25.0
98783;richboro, pennsylvania, usa;30.0
98787;melbourne, victoria, australia;26.0
98904;billings, montana, usa;28.0
99347;muskegon, michigan, usa;30.0
99523;bucharest, n/a, romania;28.0
99720;dahlonega, georgia, usa;
99955;lockport, new york, usa;14.0
100009;victoria, british columbia, canada;49.0
100088;burnley, england, united kingdom;26.0
100227;tehran, tehran, iran;36.0
100264;brunswick, ohio, usa;37.0
100393;riverside, california, usa;
100459;bay area, california, usa;38.0
100644;heilbronn, baden-wuerttemberg, germany;26.0
100846;plainfield, illinois, usa;39.0
100906;seattle, washington, usa;34.0
101209;ft huachuca, arizona, usa;44.0
101304;chesapeake, virginia, usa;68.0
101305;milwaukee, wisconsin, usa;29.0
101606;niagara falls, ontario, canada;32.0
101620;brookland, arkansas, usa;
101731;prince george, british columbia, canada;
101851;keizer, oregon, usa;29.0
101876;nicholasville, kentucky, usa;38.0
102220;acapulco, n/a, mexico;54.0
102275;saint clair, michigan, usa;52.0
102359;springfield, oregon, usa;
102647;modesto, california, usa;14.0
102702;honolulu, hawaii, usa;34.0
102705;ottawa, ontario, canada;22.0
102967;olympia, washington, usa;54.0
103336;tucson, arizona, usa;55.0
104113;springfield, missouri, usa;24.0
104144;florence, alabama, usa;65.0
104211;chattanooga, tennessee, usa;39.0
104399;middletown, ohio, usa;29.0
104429;brainerd, minnesota, usa;39.0
104505;bend, oregon,;34.0
104636;youngstown, ohio, usa;
104657;cave creek, arizona, usa;25.0
104665;altoona, iowa, usa;30.0
105028;kuala lumpur, federal territory, malaysia;22.0
105054;edmonton, alberta, canada;29.0
105058;north york, ontario, canada;32.0
105214;pittsburgh, pennsylvania, usa;34.0
105221;la mesa, california, usa;15.0
105374;montreal, quebec, canada;25.0
105517;calgary, alberta, canada;28.0
105627;london, ontario, canada;23.0
105937;tampa, florida, usa;27.0
105979;oakland, california, usa;26.0
106007;santa rosa, california, usa;29.0
106225;chicago, illinois, usa;38.0
106294;tarrytown, new york, usa;
106369;danbury, connecticut, usa;30.0
106768;lexington, kentucky, usa;23.0
106849;dunkirk, indiana, usa;39.0
107021;indianapolis, indiana, usa;45.0
107244;appleton, wisconsin, usa;50.0
107301;west kensington, london, united kingdom;31.0
107326;denver, colorado, usa;28.0
107784;tarentum, pennsylvania, usa;
107951;tübingen, baden-württemberg, germany;
108005;greenfield, wisconsin, usa;29.0
108155;indianapolis, indiana, usa;29.0
108285;appleton, wisconsin, usa;22.0
108352;rochester, michigan, usa;37.0
108405;irvine, ,;49.0
108480;caracas, dtto federal, venezuela;
108535;clifton, new jersey, usa;
108752;fort polk, louisiana, usa;31.0
108799;kaneohe, hawaii, usa;
109461;oklahoma city, oklahoma, usa;30.0
109491;brentwood, california, usa;40.0
109574;edmonton, alberta, canada;50.0
109779;arab, alabama, usa;25.0
109864;lafayette, colorado, usa;
109899;garnerville, new york, usa;
109901;sydney, new south wales, australia;59.0
110029;norwich, england, united kingdom;27.0
110361;san diego, california, usa;29.0
110373;livingston, new jersey, usa;
110440;fairfax, virginia, usa;29.0
110483;fredericton, new brunswick, canada;30.0
110912;milpitas, california, usa;36.0
110934;kirkland, washington, usa;46.0
110973;wiley ford, west virginia, usa;43.0
111174;austin, texas, usa;
111190;belton, texas, usa;53.0
111286;orlando, florida, usa;45.0
111578;fremont, california, usa;
111637;tiburon, california, usa;53.0
111944;mannford, oklahoma, usa;23.0
111947;albuquerque, new mexico, usa;30.0
112001;barren springs, virginia, usa;43.0
112026;lakewood, washington, usa;17.0
112083;tucson, arizona, usa;25.0
112093;spencer, indiana, usa;35.0
112541;sydney, new south wales, australia;22.0
112559;dallas, texas, usa;37.0
112953;davenport, iowa, usa;31.0
113030;vancouver, british columbia, canada;25.0
113270;evanston, illinois, usa;25.0
113334;calgary, alberta, canada;40.0
113519;pleasanton, california, usa;
113904;baltimore, maryland, usa;31.0
114085;streamwood, illinois, usa;
114368;mechanicsville, maryland, usa;33.0
114414;edinburg, texas, usa;27.0
114444;alexandria, virginia, usa;34.0
114446;cardiff, wales, united kingdom;26.0
114544;antelope, california, usa;35.0
114581;san francisco, california, usa;23.0
114868;edmonton, alberta, canada;31.0
114988;temple, texas, usa;37.0
115003;asheville, north carolina, usa;43.0
115435;cincinnati, ohio, usa;30.0
115490;dekalb, illinois, usa;
115572;darlington, south carolina, usa;23.0
115692;blacksburg, virginia, usa;33.0
116005;london, ontario, canada;28.0
116758;paullina, iowa, usa;38.0
116904;san antonio, texas, usa;38.0
117111;toronto, ontario, canada;30.0
117132;st louis, missouri, usa;66.0
117251;pleasant hill, california, usa;
117384;some other, planet, far away...;29.0
117873;evanston, illinois, usa;50.0
118228;denver, colorado, usa;
118484;wonder lake, illinois, usa;
118628;toronto, ontario, canada;34.0
118677;boise, idaho, usa;46.0
119517;andover, minnesota, usa;
119575;north vancouver, british columbia, canada;30.0
119590;sacramento, california, usa;
119725;wokingham, berkshire, united kingdom;24.0
120093;merrick, acworth, new york, georgia, usa;59.0
120396;boyce, virginia, usa;46.0
120598;plant city, florida, usa;
120828;munster, indiana, usa;27.0
120908;boston, massachusetts, usa;27.0
121170;arlington, virginia, usa;30.0
121606;petaling jaya, selangor, malaysia;23.0
121817;ballston spa, new york, usa;38.0
122429;kamuela, hawaii, usa;48.0
122440;vancouver, british columbia, canada;29.0
122716;tucson, ,;30.0
122793;omemee, ontario, canada;46.0
122801;elm grove, wisconsin, usa;38.0
123056;halifax, nova scotia, canada;32.0
123094;morrisville, north carolina, usa;45.0
123095;hollywood, maryland, usa;
123257;circleville, ohio, usa;20.0
123460;brea, california, usa;31.0
123515;beaverton, oregon, usa;
123544;dallas, texas, usa;
123608;los banos, california, usa;17.0
123744;newark, delaware, usa;25.0
123825;vancouver, british columbia, canada;
123867;kearns, utah, usa;
123883;topeka, kansas, usa;18.0
123981;phoenix, arizona, usa;46.0
124078;muskegon, michigan, usa;25.0
124298;stockton, california, usa;25.0
124310;salem, south carolina, usa;53.0
124363;tallahassee, florida, usa;36.0
124487;ramah, new mexico, usa;
124597;brights grove, ontario, canada;38.0
124874;warren, new jersey, usa;32.0
124876;redford, michigan, usa;23.0
124942;olympia, washington, usa;
124983;amarillo, texas, usa;32.0
124989;old orchard beach, maine, usa;46.0
125031;alburquerque, ,;
125039;lafayette, indiana, usa;27.0
125203;montreal, quebec, canada;18.0
125411;louisville, kentucky, usa;43.0
125519;irvine, california, usa;40.0
125692;elmira, new york, usa;28.0
125736;atlanta, georgia, usa;17.0
125774;tehran, tehran, iran;36.0
125928;glendale heights, illinois, usa;
126196;wilmington, delaware, usa;36.0
126296;ramsey, huntingdon, cambridgeshire, united kingdom;41.0
126388;kernersville, north carolina, usa;26.0
126395;arkansas, arkansas, usa;28.0
126492;westmont, illinois, usa;31.0
126604;north reading, massachusetts, usa;27.0
126693;newmarket, ontario, canada;33.0
126736;fulton, missouri, usa;38.0
126814;west chester, ohio, usa;32.0
126903;lancaster, pennsylvania, usa;
127049;knoxville, tennessee, usa;31.0
127129;langley, british columbia, canada;
127131;stopsley, bedfordshire, united kingdom;42.0
127200;urbana, illinois, usa;
127233;marietta, georgia, usa;29.0
127359;beaverton, oregon, usa;33.0
127826;duluth, georgia, usa;
128085;durham, north carolina, usa;40.0
128119;olathe, kansas, usa;
128122;lithia springs, georgia, usa;37.0
128208;san antonio, texas, usa;34.0
128325;toledo, ohio, usa;43.0
128696;southampton, england, united kingdom;34.0
128732;north dighton, massachusetts, usa;31.0
128835;bellingham, washington, usa;60.0
129008;rapid city, south dakota, usa;44.0
129074;marietta, georgia, usa;51.0
129084;boise, idaho, usa;39.0
129338;apache junction, arizona, usa;24.0
129489;vancouver, british columbia, canada;24.0
129716;tallahassee, florida, usa;30.0
130474;nashville, tennessee, usa;33.0
130554;sandpoint, idaho, usa;
130570;singapore, n/a, singapore;
130571;summerville, south carolina, usa;
130658;montreal, ,;90.0
130705;sydney, new south wales, australia;29.0
130950;jersey city, new jersey, usa;32.0
131046;ellington, connecticut, usa;26.0
131126;barcelona, catalunya, spain;31.0
131154;soddy-daisy, tennessee, usa;18.0
131402;governors bay, canterbury, new zealand;
131622;two rivers, wisconsin, usa;51.0
131686;chemainus, british columbia, canada;27.0
131855;farnborough, hampshire, united kingdom;31.0
132083;tazewell, virginia, usa;47.0
132173;charlotte, north carolina, usa;
132199;santa barbara, california, usa;
132282;birmingham, alabama, usa;23.0
132375;denver, colorado, usa;58.0
132392;claremont, california, usa;38.0
132930;wokingham, england, united kingdom;29.0
133296;ormond beach, florida, usa;23.0
133416;jacksons point, ontario, canada;25.0
133571;olney, maryland, usa;39.0
133689;calgary, alberta, canada;29.0
133706;palmyra, western australia, australia;30.0
133747;gaithersburg, maryland, usa;28.0
133935;north arlington, new jersey, usa;28.0
134005;santa rosa, california, usa;34.0
134311;barstow, california, usa;23.0
134403;san francsico, california, usa;18.0
134434;barcelona, barcelona, spain;25.0
134761;waco, texas, usa;26.0
134797;elk grove, california, usa;
135045;spring, texas, usa;29.0
135149;ft. pierce, florida, usa;
135265;groton, connecticut, usa;32.0
135351;greenwood, south carolina, usa;23.0
135360;albuquerque, new mexico, usa;39.0
135376;las vegas, nevada, usa;
135411;rockaway, ,;34.0
135458;ottawa, ontario, canada;24.0
135609;charlestown, massachusetts, usa;
135673;hafnarfjordur, reykjavik, iceland;26.0
135703;fredericton, new brunswick, canada;32.0
135753;baker city, oregon, usa;55.0
135831;potomac falls, virginia, usa;
136010;brampton, ontario, canada;
136071;normal, illinois, usa;44.0
136139;fair oaks, california, usa;
136193;los angeles, california, usa;40.0
136205;crest hill, illinois, usa;39.0
136252;santa fe, new mexico, usa;33.0
136326;shingle springs, california, usa;42.0
136348;oceanside, new york, usa;51.0
136382;edmonton, alberta, canada;
136491;rio rancho, new mexico, usa;18.0
137118;lancaster, texas, usa;
137137;cincinnati, ,;
137211;charlotte, north carolina, usa;
137336;longview, washington, usa;26.0
137588;portland, oregon, usa;
137589;enterprise, oregon, usa;35.0
137688;medford, new york, usa;46.0
137742;santo domingo, distrito nacional, dominican republic;24.0
138010;somerville, massachusetts, usa;31.0
138097;winter park, florida, usa;35.0
138198;edmonton, alberta, canada;37.0
138543;mesquite, texas, usa;21.0
138578;cape girardeau, missouri, usa;38.0
138602;bremerton, washington, usa;36.0
138777;beavercreek, oregon, usa;
138844;winnipeg, manitoba, canada;40.0
138995;keyser, west virginia, usa;47.0
139243;new york, new york, usa;
139359;fort myers, florida, usa;36.0
139387;hamilton, ontario, canada;30.0
139742;toronto, ontario, canada;36.0
139827;phoenix, arizona, usa;
139828;juneau, , usa;49.0
139913;monett, missouri, usa;54.0
140000;london, england, united kingdom;
140223;somerville, massachusetts, usa;27.0
140340;zeeland, michigan,;42.0
140358;san diego, california, usa;
140662;portland, oregon, usa;30.0
140879;duesseldorf, nordrhein-westfalen, germany;36.0
141010;puyallup, washington, usa;35.0
141444;west springfield, massachusetts,;
141491;westminster, maryland, usa;47.0
141493;dove canyon, california, usa;44.0
141511;framingham, massachusetts, usa;30.0
141710;omaha, nebraska, usa;
141719;houston, texas, usa;
141901;christchurch, canterbury, new zealand;43.0
141902;newport news, virginia, usa;51.0
142121;waipahu, hawaii, usa;33.0
142256;winfield, alberta, canada;52.0
142479;portland, maine, usa;
142524;detroit, michigan, usa;36.0
142579;apex, north carolina, usa;
142584;hot springs, arkansas, usa;21.0
142623;big sky, montana, usa;
142715;wasilla, alaska, usa;35.0
142745;kyoto, kyoto, japan;38.0
143163;weaverville, california, usa;26.0
143175;blythewood, south carolina, usa;28.0
143211;greenbelt, maryland, usa;
143253;dyersburg, tennessee, usa;27.0
143415;bellingham, washington, usa;50.0
143792;nottingham, england, united kingdom;25.0
143837;san antonio, texas, usa;28.0
143964;chardon, ohio, usa;26.0
143968;wesley chapel, florida, usa;39.0
144038;columbia, missouri, usa;49.0
144255;riedstadt, hessen, germany;
144318;grimes, iowa, usa;
144478;galveston, texas, usa;39.0
144516;norman, oklahoma, usa;41.0
144531;pleasanton, california, usa;37.0
144555;northbrook, illinois, usa;37.0
144619;albany, oregon, usa;
144828;college station, texas, usa;
145369;winnemucca, nevada, usa;
145449;virginia beach, virginia, usa;
145619;middletown, connecticut, usa;36.0
145641;madison, new jersey, usa;
145737;elmhurst, illinois, usa;40.0
146113;cary, north carolina, usa;
146230;bourbonnais, ,;49.0
146348;tigard, oregon, usa;
146386;palmdale, california, usa;14.0
146803;n/a, n/a, usa;
146932;miami, florida, usa;30.0
147141;portland, oregon, usa;21.0
147224;mechanicsburg, pennsylvania, usa;41.0
147307;larkspur, colorado, usa;48.0
147420;cassadaga, new york, usa;53.0
147451;herne bay, england, united kingdom;37.0
147839;mokena, illinois, usa;47.0
147847;greenville, illinois, usa;
148199;toronto, ontario, canada;50.0
148258;toronto, ontario, canada;
148314;calgary, alberta, canada;29.0
148590;thunder bay, ontario, canada;49.0
148712;homer, alaska, usa;
148744;campbellsport, wisconsin, usa;67.0
148804;los angeles, california, usa;
148898;holiday, florida, usa;24.0
149069;struthers, ohio, usa;30.0
149071;nekoosa, wisconsin, usa;49.0
149231;gladstone, oregon,;
149483;houston, texas, usa;25.0
149661;ventura, california, usa;
149843;tacoma, washington, usa;60.0
149908;hull, england, united kingdom;29.0
149934;chicago, illinois, usa;44.0
150124;york, nebraska, usa;30.0
150498;cumberland, maryland, usa;38.0
150561;bodegraven, zuid-holland, netherlands;33.0
150661;scottsdale, arizona, usa;36.0
150896;vancouver, washington, usa;30.0
150968;manchester, new hampshire, usa;47.0
150979;greencastle, pennsylvania, usa;34.0
151101;pottstown, pennsylvania, usa;
151104;albuquerque, new mexico, usa;
151139;la jolla, california,;
151653;omaha, nebraska, usa;
152099;wickenburg, arizona, usa;14.0
152186;windsor, ontario, canada;33.0
152409;phoenixville, pennsylvania, usa;33.0
152579;kota kinabalu, sabah, malaysia;22.0
152645;chicago, illinois, usa;28.0
152651;plattsburgh, new york, usa;24.0
152696;studio city, california, usa;
152946;lisbon, lisbon, portugal;25.0
153054;cambridge, massachusetts, usa;20.0
153211;toronto, ontario, canada;28.0
153513;little rock, arkansas, usa;31.0
153662;ft. stewart, georgia, usa;44.0
153718;round lake, illinois, usa;27.0
153797;tulsa, oklahoma, usa;31.0
154070;wellman, iowa, usa;38.0
154345;white plains, new york, usa;
154469;trois-rivières ouest, quebec, canada;
154529;fishers, indiana, usa;37.0
154730;encinitas, california, usa;42.0
154844;sharon hill, pennsylvania, usa;32.0
154992;maryland heights, missouri, usa;40.0
155014;las cruces, new mexico, usa;
155147;seattle, washington, usa;60.0
155219;stamford, connecticut, usa;29.0
155580;fairport, new york, usa;61.0
155778;orlando, ,;
155913;regensburg, bayern, germany;
156150;howell, new jersey, usa;36.0
156269;chicago, illinois, usa;53.0
156300;pinon hills, california, usa;49.0
156467;waltham, massachusetts, usa;38.0
156584;hobart, tasmania, australia;55.0
157247;deventer, overijssel, netherlands;48.0
157273;dripping springs, texas, usa;37.0
157799;heemstede, noord holland, netherlands;42.0
157811;kissimmee, florida, usa;34.0
158226;oslo, oslo, norway;26.0
158254;asheville, north carolina, usa;28.0
158295;cleveland, ohio, usa;
158433;nahant, massachusetts, usa;
158846;sagle, idaho, usa;54.0
159033;taneytown, maryland, usa;46.0
159506;portland, oregon, usa;28.0
159732;watchung, new jersey, usa;47.0
159817;penticton, british columbia, canada;
159822;aptos, california, usa;37.0
159834;las vegas, nevada, usa;19.0
159858;atlantic beach, florida, usa;37.0
159868;cortlandt manor, new york, usa;
160401;akron, ohio, usa;30.0
160541;ashford, england, united kingdom;
160558;hooksett, new hampshire, usa;28.0
160571;limoges, n/a, france;
160681;niles, michigan, usa;28.0
160819;miami, florida, usa;43.0
161039;fredericton, new brunswick, canada;30.0
161041;lisbon, n/a, portugal;24.0
161299;covina, california, usa;41.0
161936;gisborne, victoria, australia;53.0
162030;ny, new york, usa;
162052;danville, virginia, usa;51.0
162376;lynn, massachusetts, usa;23.0
162562;omaha, nebraska, usa;29.0
162590;n/a, british columbia, canada;
162639;kelso, washington, usa;
162671;yarmouth, nova scotia, canada;19.0
162738;waterford, michigan, usa;35.0
162780;rock island, tennessee, usa;31.0
163202;los angeles, california, usa;26.0
163358;toronto, ontario, canada;21.0
163488;salem, ohio, usa;24.0
163570;lincoln, new brunswick, canada;50.0
163804;bonaire, georgia, usa;43.0
163851;phoenix, arizona, usa;26.0
163973;são paulo, são paulo, brazil;46.0
164096;lisboa, lisboa, portugal;29.0
164323;delta, british columbia, canada;31.0
164533;sitges, barcelona, spain;46.0
164581;costa da caparica, ,;30.0
164584;manchester, new hampshire, usa;52.0
164728;studio city, california, usa;
164926;ann arbor, michigan, usa;25.0
165183;tulsa, oklahoma,;60.0
165308;new berlin, wisconsin, usa;33.0
165319;tucson, arizona, usa;28.0
165345;rohnert park, california, usa;
165582;potomac falls, virginia, usa;
165758;st. catharines, ontario, canada;
165866;ashville, alabama, usa;27.0
165884;louisville, kentucky, usa;
166123;cortez, colorado, usa;32.0
166391;hanover, pennsylvania, usa;60.0
166596;greenwood, british columbia, canada;57.0
167349;keller, texas, usa;33.0
167471;milton, ontario, canada;29.0
167587;anaheim hills, ,;22.0
167614;seattle, washington, usa;46.0
167746;charlestown, massachusetts, usa;32.0
167800;olive branch, mississippi, usa;57.0
167812;vancouver, washington, usa;38.0
168047;oxford, connecticut, usa;28.0
168064;fredericton, new brunswick, canada;
168144;oceanside, california, usa;46.0
168245;delisle, saskatchewan, canada;37.0
168388;victoria, ,;
168642;seattle, washington, usa;24.0
168816;santa clara, california, usa;35.0
168954;manhattan, kansas, usa;29.0
169057;westlake, ohio, usa;50.0
169233;chicago, illinois, usa;27.0
169663;towson, maryland, usa;
169682;minneapolis, minnesota, usa;26.0
169699;vadnais heights, minnesota, usa;40.0
169735;nisswa, minnesota, usa;
169779;st. charles, missouri, usa;36.0
170073;aberdeen, scotland, united kingdom;
170184;melton mowbray, england, united kingdom;51.0
170513;butler, pennsylvania, usa;
170634;crystal lake, illinois, usa;
170762;lansing, michigan, usa;60.0
170947;sheldon, iowa, usa;35.0
171118;toronto, ontario, canada;47.0
171295;silver spring, maryland, usa;27.0
171445;berkeley, california, usa;37.0
171638;trout creek, montana, usa;50.0
171818;sacramento, california, usa;31.0
171970;elmhurst, illinois, usa;
172091;cherry creek, new york, usa;58.0
172512;louisville, kentucky, usa;25.0
172742;astoria, oregon, usa;44.0
172760;san antonio, texas, usa;29.0
173291;greensboro, north carolina, usa;29.0
173415;chicago, illinois, usa;31.0
173481;arlington, texas, usa;69.0
173679;regensburg, bavaria, germany;27.0
173860;chicago, illinois, usa;48.0
174092;holybourne, england, united kingdom;34.0
174151;carrollton, georgia, usa;34.0
174216;hamilton, ohio, usa;36.0
174304;st. louis, missouri, usa;26.0
174326;winnipeg, manitoba, canada;38.0
174428;morrisville, north carolina, usa;37.0
174596;jackson heights, new york, usa;
174726;san diego, california, usa;
174830;college station, texas, usa;
174892;milford, connecticut,;
174914;perth, western australia, australia;33.0
175052;chicago, illinois, usa;57.0
175254;davis, california, usa;
176214;springdale, arkansas, usa;34.0
176459;brossard, quebec, canada;30.0
177040;cicero, new york, usa;27.0
177072;moberly, missouri, usa;47.0
177090;ashland, missouri, usa;37.0
177091;forest grove, oregon, usa;36.0
177157;antelope, california, usa;
177233;austin, texas, usa;23.0
177284;colorado springs, colorado, usa;30.0
177295;haslett, michigan, usa;41.0
177374;kingston, washington, usa;
177375;w.m., pennsylvania, usa;42.0
177432;wichita, kansas, usa;33.0
177458;ottawa, ontario, canada;29.0
177590;green bay, wisconsin, usa;49.0
178035;pembroke, , canada;81.0
178079;north las vegas, nevada, usa;55.0
178199;amarillo, texas, usa;
178201;saint louis, ,;
178240;olive branch, mississippi, usa;49.0
178322;nevada city, california, usa;66.0
178522;somerset, ,;
178667;freehold, new jersey, usa;34.0
178920;san francisco, california, usa;31.0
179019;little falls, new york,;
179433;raleigh, north carolina, usa;42.0
179718;leroy, ,;39.0
179730;harmony, rhode island, usa;
179734;greenville, texas, usa;26.0
179772;high river, alberta, canada;37.0
179791;sydney, new south wales, australia;22.0
179826;oldham, england, united kingdom;22.0
179978;perry, new york, usa;28.0
180042;thornton, ontario, canada;63.0
180348;fredericksburg, virginia, usa;40.0
180651;coventry, england, united kingdom;54.0
181176;st. louis, missouri, usa;43.0
181687;austin, texas, usa;29.0
181796;grand blanc, michigan, usa;33.0
182053;london, ontario, canada;30.0
182085;ginsheim, hessen, germany;
182086;ginsheim, hessen, germany;
182202;black hawk, south dakota, usa;20.0
182334;somerville, massachusetts, usa;31.0
182403;memphis, tennessee, usa;35.0
182459;fort wayne, indiana, usa;28.0
182527;pekin, illinois, usa;62.0
182969;minneapolis, minnesota, usa;36.0
182993;carneys point, new jersey, usa;40.0
183046;toronto, ontario, canada;
183061;manchester, connecticut, usa;30.0
183187;williamsport, pennsylvania, usa;48.0
183347;ft. meade, maryland, usa;35.0
183963;edmonton, alberta, canada;27.0
183995;columbus (grandview heights), ohio, usa;49.0
184299;omaha, nebraska, usa;31.0
184365;portland, oregon, usa;
184401;olympia, washington, united state;55.0
184424;dayton, ohio, usa;44.0
184513;navarre, florida, usa;61.0
184532;des moines, iowa, usa;28.0
184629;tucson, arizona, usa;
184789;vancouver, british columbia, canada;34.0
185147;canaan, new york, usa;33.0
185176;dayton, ohio, usa;37.0
185233;winnemucca, nevada, usa;31.0
185254;deleon, texas, usa;30.0
185275;seattle, washington, usa;32.0
185308;winchester, england, united kingdom;
185722;long beach, california, usa;24.0
186570;rantoul, illinois, usa;28.0
186837;schofield, wisconsin, usa;39.0
187065;red feather lakes, ,;
187145;grapeview, washington, usa;65.0
187256;citrus heights, california, usa;
187517;brooklyn, new york, usa;28.0
187574;metuchen, new jersey, usa;
187624;mountlake terrace, washington, usa;34.0
187762;rapid city, south dakota, usa;24.0
187863;greenwood, south carolina, usa;33.0
188010;edmonton, alberta, canada;
188022;harlowton, montana, usa;
188273;hawthorne, new jersey, usa;22.0
188483;vermilion, ohio, usa;37.0
188513;brookfield, wisconsin, usa;44.0
188659;orange, connecticut, usa;61.0
189080;hoxie, arkansas, usa;28.0
189516;colorado springs, colorado, usa;37.0
189558;catlettsburg, kentucky, usa;55.0
189835;honolulu, hawaii, usa;
189855;austin, texas, usa;33.0
189973;pittsburgh, pennsylvania, usa;
190374;kamloops, british columbia, canada;38.0
190459;schertz, texas, usa;40.0
190708;ramona, california, usa;43.0
190741;corpus christi, texas, usa;52.0
190831;calgary, alberta, canada;
190844;forest grove, oregon, usa;
190923;burlington, vermont, usa;45.0
190925;hobe sound, florida, usa;51.0
191165;glendora, california, usa;36.0
191716;tatamagouche, nova scotia, canada;49.0
192093;lake worth, florida, usa;46.0
192119;occoquan, virginia, usa;39.0
192211;grove city, ohio, usa;45.0
192244;astoria, new york, usa;26.0
192245;beaverton, ,;
192428;leeds, alabama, usa;34.0
192479;phoenix, arizona, usa;43.0
192710;ponte vedra, florida, usa;53.0
193458;toronto, ontario, canada;40.0
193469;umatilla, oregon, usa;29.0
193499;deland, florida, usa;41.0
193529;florissant, missouri, usa;51.0
193676;waterford, new york, usa;27.0
193769;goose creek, south carolina, usa;59.0
193778;dallas, georgia, usa;
193898;paradise, pennsylvania, usa;
194600;toronto, ontario, canada;51.0
194614;littleton, colorado, usa;33.0
194669;savannah, georgia, usa;46.0
194676;jonesboro, arkansas, usa;
195386;canyon country, california, usa;53.0
195469;congers, new york, usa;39.0
195694;tucson, arizona, usa;29.0
195904;ruby, south carolina, usa;36.0
196047;macomb, michigan, usa;55.0
196053;pittsburgh, pennsylvania, usa;35.0
196077;disputanta, virginia, usa;28.0
196160;auburn, alabama, usa;22.0
196466;king of prussia, pennsylvania, usa;30.0
196502;decatur, georgia, usa;38.0
196738;snellville, georgia, usa;39.0
196775;toronto, ontario, canada;
196891;quinton,, virginia, usa;63.0
197206;virginia beach, virginia, usa;
197364;cumming, georgia, usa;30.0
197659;indiana, pennsylvania, usa;49.0
197687;plymouth, indiana, usa;
197775;iasi, iasi, romania;21.0
198046;milwaukee, wisconsin, usa;51.0
198213;williamsburg/norfolk, virginia, usa;19.0
198930;mesquite, texas, usa;21.0
199041;pleasanton, california, usa;
199416;houma, louisiana,;65.0
199515;la cienega, new mexico, usa;44.0
200226;burlington, ontario, canada;39.0
200422;plainfield, illinois, usa;29.0
200643;austin, texas, usa;21.0
200674;pittsburg, missouri, usa;58.0
201042;birmingham, alabama, usa;34.0
201058;e-ville, california, usa;
201290;seixal, setúbal, portugal;35.0
201447;springfield, virginia, usa;40.0
201526;vancouver, british columbia, canada;25.0
201641;ottawa, ontario, canada;19.0
201674;sellersville, pennsylvania, usa;28.0
201677;hawthorne, new jersey, usa;29.0
201684;austin, texas, usa;24.0
201697;markham, ontario, canada;29.0
201768;fredericton, new brunswick, canada;47.0
201776;saint john, new brunswick, canada;22.0
201783;white haven, pennsylvania, usa;25.0
201969;vancouver, british columbia, canada;
202277;kennesaw, georgia, usa;54.0
202462;arlington, texas, usa;32.0
202711;westminster, texas, usa;30.0
203044;bloomington, indiana, usa;40.0
203075;huntington beach, california, usa;23.0
203240;st. louis, missouri, usa;32.0
203764;petersburg, virginia, usa;48.0
203799;menasha, wisconsin, usa;54.0
203910;manila, makati, phillipines;16.0
204393;orlando, florida, usa;23.0
204457;hawthorne, new jersey, usa;55.0
204591;toronto, ontario, canada;30.0
204813;jersey city, new jersey, usa;
204864;simi valley, california, usa;47.0
204909;salt lake city, utah, usa;
204936;campbell, california, usa;
205383;hucknall, nottinghamshire, united kingdom;36.0
205473;ottawa, ontario, canada;32.0
205735;mosinee, wisconsin, usa;26.0
205980;west chester, pennsylvania, usa;
206016;burnaby, british columbia, canada;25.0
206074;new britain, connecticut, usa;16.0
206305;lancaster, ohio, usa;
206423;columbia, maryland, usa;
206438;katy, texas, usa;24.0
206534;evanston, illinois, usa;
206563;pomfret center, connecticut, usa;45.0
206567;new orleans, louisiana, usa;33.0
206691;greenfield, indiana, usa;28.0
206944;camarillo, california, usa;26.0
207148;san diego, california, usa;42.0
207246;owensboro, kentucky, usa;28.0
207259;florence, oregon, usa;38.0
207339;wells, maine, usa;43.0
207349;seadrift, texas, usa;25.0
207494;huntsville, alabama, usa;42.0
207499;las cruces, new mexico, usa;
207616;choctaw, oklahoma,;53.0
207782;midland, texas, usa;28.0
208147;federal way, washington, usa;41.0
208406;kansas city, missouri, usa;30.0
208415;laguna hills, california, usa;37.0
208668;umatilla, oregon, usa;59.0
208671;simi valley, california, usa;
208683;san jose, california, usa;
208815;san diego, ca, usa;23.0
208829;fredericton, new brunswick, canada;
208897;awattukkee foothills, arizona, usa;
208960;pembroke, massachusetts, usa;35.0
209160;ottawa, ontario, canada;32.0
209174;toronto, ontario, canada;
209229;fairfax, ,;35.0
209238;pass christian, mississippi39571, usa;60.0
209373;mountain view, california, usa;37.0
209516;felixstowe, suffolk, united kingdom;57.0
209756;sacramento, california, usa;36.0
209817;pittsburgh, pennsylvania, usa;27.0
209875;crescent city, california, usa;43.0
209974;orange, california, usa;
210485;carmichael, california, usa;35.0
210587;harper woods, michigan, usa;
210685;medford, oregon, usa;25.0
210822;new orleans, louisiana, usa;36.0
210874;toronto, ontario, canada;26.0
210959;cliffwood, new jersey, usa;30.0
211231;prague, prague, czech republic;21.0
211344;vienna, virginia, usa;32.0
211426;pueblo, colorado, usa;24.0
211430;toronto, ontario, canada;28.0
211919;jacksonville, florida, usa;38.0
212142;warrenton, virginia, usa;37.0
212260;geneva, new york, usa;
212467;weimar, texas, usa;62.0
212797;cedar rapids, iowa, usa;39.0
212849;ft. lauderdale, florida, usa;59.0
212923;minneapolis, minnesota, usa;34.0
212965;akron,, ohio, usa;43.0
213126;spring, texas, usa;
213150;destrehan, louisiana, usa;103.0
213531;bolingbrook, illinois, usa;63.0
214138;lakeland,, florida, usa;79.0
214315;louisville, kentucky, usa;32.0
214786;boone county, kentucky, usa;
214879;turku, varsinais-suomi, finland;24.0
215986;fort worth, texas, usa;28.0
215988;lake oswego, oregon, usa;42.0
216012;clevelad, ohio, usa;34.0
216444;nunspeet, gelderland, netherlands;57.0
216466;castleton, vermont, usa;29.0
216670;pensacola, florida, usa;
216683;san jose, california, usa;
216829;parker, colorado, usa;
217056;peoria, arizona, usa;30.0
217121;frodsham, england, united kingdom;43.0
217318;sackville, new brunswick, canada;
217375;st. petersburg, florida, usa;35.0
217468;singapore, n/a, singapore;23.0
217516;loudoun county, virginia, usa;56.0
217740;madrid, madrid, spain;37.0
217986;ypsilanti, michigan, usa;35.0
218068;west lafayette, indiana, usa;35.0
218121;brighton, colorado, usa;
218552;san antonio, texas, usa;48.0
218568;byron, minnesota, usa;41.0
218608;spartanburg, south carolina, usa;31.0
219301;franklin, massachusetts, usa;
219546;new albany, indiana, usa;25.0
219683;santa ana, california, usa;32.0
220240;roanoke, texas, usa;34.0
220597;toronto, ontario, canada;26.0
220688;brookline, massachusetts, usa;27.0
221445;portland, oregon, usa;
221655;chevy chase, maryland, usa;
221705;jacksonville beach, florida, usa;
221732;columbia, missouri, usa;26.0
221870;oelwein, iowa, usa;45.0
221948;jacksonville, florida, usa;36.0
222035;bristol, connecticut, usa;56.0
222220;austin, texas, usa;30.0
222296;chapel hill, north carolina, usa;
222488;vaihingen an der enz, baden-wuerttemberg, germany;29.0
222941;las vegas, nevada, usa;57.0
223087;sherman oaks, california, usa;
223154;wilmington, north carolina, usa;33.0
223190;the woodlands, texas, usa;33.0
223201;huntington beach, california, usa;
223231;warsaw, n/a, poland;17.0
223431;los angeles, california, usa;
223438;randolph, massachusetts, usa;31.0
223501;santa cruz, california, usa;
223566;kansas city, missouri, usa;29.0
223644;newmarket, ontario, canada;30.0
223787;fountain valley, california, usa;58.0
223954;marina del rey, california, usa;34.0
224138;carlsbad, california, usa;
224146;sarnia, ontario, canada;35.0
224159;redding, california, usa;
224249;moline, illinois, usa;
224303;bradenton, florida, usa;
224349;columbia, maryland, usa;23.0
224430;louisville, kentucky, usa;
224646;london, england, united kingdom;
224764;rockaway, new jersey, usa;116.0
224809;nashua, new hampshire, usa;61.0
224997;legazpi, albay, philippines;
225078;austin, texas, usa;46.0
225087;toronto, ontario, canada;51.0
225232;sydney, new south wales, australia;4.0
225379;halifax, nova scotia, canada;24.0
225595;savannah, georgia, usa;37.0
225763;san francisco, california, usa;
225810;el cajon, california, usa;56.0
225886;ruma, illinois, usa;35.0
225938;lancaster, california, usa;46.0
225986;watford, england, united kingdom;36.0
226205;romeoville, illinois, usa;48.0
226267;kelso, washington, usa;0.0
226482;singapore, n/a,;21.0
226545;mesa, arizona, usa;38.0
226553;anchorage, alaska, usa;
226616;tucson, arizona, usa;204.0
226772;mundelein, illinois, usa;37.0
226879;overland park, kansas, usa;31.0
226965;clemson, south carolina, usa;47.0
227025;saskatoon, saskatchewan, canada;33.0
227397;conway, arkansas, usa;
227447;kelseyville, california, usa;38.0
227520;san jose, california, usa;33.0
227702;league city, texas, usa;42.0
227705;westport, connecticut, usa;36.0
227836;athens, georgia, usa;30.0
227884;virginia beach, virginia, usa;25.0
228021;ann arbor, michigan, usa;32.0
228311;coon rapids, minnesota, usa;32.0
228351;charleston, south carolina, usa;16.0
228579;brooklyn, new york, usa;29.0
228681;dumont, new jersey, usa;
228727;singapore, n/a, singapore;
228764;oakdale, california, usa;39.0
228868;myrtle beach, south carolina, usa;33.0
228998;lincoln, nebraska, usa;41.0
229011;mclean, virginia, usa;
229313;southgate, michigan, usa;31.0
229329;st-légier, vaud, switzerland;56.0
229331;houston, texas, usa;37.0
229409;leipzig, sachsen, germany;32.0
229551;ottawa, ontario, canada;28.0
229741;kensington, california, usa;29.0
229768;highland, michigan,;23.0
230522;colorado springs, colorado, usa;52.0
231210;roanoke, virginia, usa;44.0
231237;waianae, hawaii, us;
231255;surrey, british columbia, canada;
231351;methuen, massachusetts, usa;34.0
231354;las vegas, nevada, usa;
231393;montreal, quebec, canada;28.0
231827;festus, missouri, usa;32.0
231857;canberra, australian capital territory, australia;46.0
231897;warren, michigan, usa;33.0
232106;bayfield, colorado, usa;36.0
232131;oakland, california, usa;
232945;newport, rhode island, usa;28.0
232959;portland, oregon, usa;43.0
232964;westchester, illinois, usa;44.0
232990;portland, oregon, usa;26.0
233445;hesperia, california, usa;
233526;kissimmee, florida, usa;35.0
233578;san antonio, texas, usa;43.0
233711;mackay, queensland, australia;36.0
233911;romney, west virginia, usa;41.0
234165;upton, massachusetts, usa;
234359;morro bay, california, usa;35.0
234399;rochester, new york, usa;
234597;firenze, toscana, italy;
234765;kuching, sarawak, malaysia;28.0
234828;fairbanks, alaska, usa;
235105;st louis, missouri, usa;46.0
235146;oak park, illinois, usa;39.0
235282;encino, california, usa;43.0
235392;st. louis, missouri, usa;27.0
235506;toronto, ontario, canada;29.0
235935;bridgeton, new jersey, usa;43.0
236058;san francisco, california, usa;34.0
236172;chesapeake, virginia, usa;34.0
236283;orlando, florida, usa;41.0
236340;st kilda, victoria, australia;29.0
236757;mars, pennsylvania, usa;
237264;cairo, n/a, egypt;35.0
237271;sandy, utah, usa;
237411;irvine, california,;
237534;rexdale, ontario, canada;47.0
237748;eagan, minnesota, usa;27.0
237990;rochester, new york, usa;
238065;bourbonnais, illinois, usa;27.0
238120;louisville, kentucky, usa;25.0
238419;lapeer, michigan, usa;
238557;kuala lumpur, selangor, malaysia;21.0
238613;st. john`s, newfoundland, canada;37.0
238699;amagansett, new york, usa;
238781;yucca valley, california, usa;51.0
238849;saskatoon, saskatchewan, canada;40.0
238864;powys, wales, united kingdom;32.0
238889;clark fork, idaho, usa;33.0
239423;jackson, tennessee, usa;49.0
239535;columbus, ,;
239584;gilroy, california, usa;
239594;leuven, vlaams-brabant, belgium;28.0
239692;virginia beach, virginia, usa;24.0
240035;birmingham, alabama, usa;
240144;muskego, wisconsin, usa;34.0
240219;arlington, tennessee, usa;38.0
240224;walnut creek, california, usa;52.0
240333;sheffield, south yorkshire, united kingdom;33.0
240370;brookline, massachusetts, usa;
240403;louisville, kentucky, usa;49.0
240567;hawthorne, new jersey, usa;33.0
240568;elk  city, oklahoma, usa;34.0
240643;niceville, florida, usa;
240700;waldorf, maryland, usa;15.0
241204;marrickville, new south wales, australia;23.0
241548;saratoga, california, usa;44.0
241666;san francisco, california, usa;35.0
241980;ashburn, virginia, usa;35.0
242073;aldergrove, british columbia, canada;28.0
242083;fairview, new mexico, usa;24.0
242106;covington, virginia, usa;28.0
242143;fort frances, ontario, canada;
242299;orlando, florida, usa;25.0
242528;lindstrom, minnesota, usa;44.0
242646;ft myers beach, florida, usa;
243065;royal oak, michigan, usa;
243236;modesto, california, usa;50.0
243294;geismar, louisiana, usa;25.0
243328;portland, oregon, usa;33.0
243360;east elmhurst, new york, usa;
243759;lock haven, pennsylvania, usa;51.0
243879;los angeles, california, usa;32.0
243929;chicago, illinois,;63.0
243930;montreuil, seine saint-denis, france;43.0
243984;st. louis, ,;40.0
244171;moline, illinois, usa;51.0
244277;inverness, scotland, united kingdom;44.0
244286;howell, new jersey, usa;22.0
244359;worcester, massachusetts, usa;17.0
244420;kenmore, ,;
244627;shelbyville, tennessee, usa;32.0
244657;chicago, illinois, usa;32.0
244685;rockvale, tennessee,;
244736;forest grove, oregon, usa;23.0
244915;lexington, north carolina, usa;49.0
245088;adams, massachusetts, usa;27.0
245295;puchong, selangor, malaysia;24.0
245311;eugene, oregon, usa;
245371;halifax, nova scotia, canada;26.0
245410;san antonio, texas, usa;28.0
245568;springport, michigan, usa;
245645;phoenix, arizona, usa;
245649;greensboro, north carolina, usa;27.0
245650;lakeland, florida, usa;
245827;albuquerque, ,;
246000;saratoga, california, usa;20.0
246311;lynnwood, washington, usa;35.0
246507;san francisco, california, usa;35.0
246513;virginia beach, virginia, usa;23.0
246634;dana point, california, usa;
246759;singapore, n/a, singapore;23.0
246776;gympie, queensland, australia;21.0
247055;daly city, california, usa;25.0
247060;portland, oregon, usa;
247129;kuching, sarawak, malaysia;26.0
247240;port of spain, maraval, trinidad and tobago;31.0
247241;avalon, wisconsin, usa;37.0
247447;long beach, california, usa;19.0
247752;wake forest, north carolina, usa;30.0
247852;snellville, georgia, usa;
248098;hayward, california, usa;38.0
248464;portland, oregon, usa;30.0
248477;dandridge, tennessee, usa;17.0
248496;coquitlam, british columbia, canada;
248718;hyde park, new york, usa;43.0
248850;verdon, nebraska, usa;48.0
249111;calgary, alberta, canada;
249223;erdenheim, pennsylvania, usa;
249628;whitney, texas, usa;51.0
249695;halifax, nova scotia, canada;35.0
249862;sugar land, texas, usa;
249894;duncansville, pennsylvania, usa;
249989;lansing, michigan, usa;
250101;phoenix, arizona, usa;61.0
250184;renton, washington, usa;
250300;n/a, n/a, singapore;
250330;riverdale, new york, usa;
250398;hanover park, illinois, usa;50.0
250709;chicago, illinois, usa;
250925;milton, ontario, canada;33.0
250962;vancouver, british columbia, canada;24.0
251003;latonia, kentucky, usa;37.0
251140;redding, california, usa;25.0
251164;trabuco canyon, california, usa;59.0
251242;delta, british columbia, canada;28.0
251394;portland, maine, usa;25.0
251422;cumberland, maryland, usa;23.0
251613;sonoma, california, usa;34.0
251843;homer city, pennsylvania, usa;
251844;lisboa, lisboa, portugal;30.0
252071;catawba, wisconsin, usa;32.0
252695;lincoln, nebraska, usa;
252820;montreal, quebec, canada;33.0
252827;sheffield, england, united kingdom;36.0
252843;ogden, utah, usa;
252865;olympia, washington, usa;30.0
253005;huntsville, alabama, usa;43.0
253482;vallejo, california, usa;24.0
253580;midland, ontario, canada;52.0
253629;gulf breeze, florida, usa;
253871;mechanicsville, maryland, usa;26.0
253949;steamboat springs, colorado, usa;33.0
254144;collinsville, texas, usa;23.0
254160;millbrae, california, usa;33.0
254201;milwaukee, wisconsin, usa;25.0
254206;tucson, arizona, usa;31.0
254299;the dalles, oregon, usa;55.0
254465;maryville, tennessee, usa;22.0
254899;browns mills, new jersey, usa;54.0
255078;pewaukee, wisconsin, usa;49.0
255092;corrales, new mexico, usa;
255489;sherman oaks, california, usa;
255546;las vegas, nevada, usa;42.0
256402;huntsville, alabama, usa;34.0
256407;florissant, missouri, usa;58.0
256843;isle of palms, south carolina, usa;40.0
257024;houston, ,;38.0
257028;chicago heights, illinois, usa;31.0
257204;akron, ohio, usa;32.0
257548;ray, michigan usa, ,;45.0
257700;slippery rock, pennsylvania, usa;22.0
258151;beaverton, oregon, usa;
258152;calgary, alberta, canada;29.0
258185;livermore, maine, usa;37.0
258270;fpo, ap, okinawa, japan;
258482;oro valley, arizona, usa;
258534;mcqueeney, texas, usa;32.0
258884;belvidere, illinois, usa;
258938;los angeles, california, usa;27.0
259006;saginaw, michigan, usa;28.0
259035;edmonton, alberta, canada;38.0
259118;philadelphia, pennsylvania, usa;34.0
259259;woodruff, south carolina, usa;30.0
259260;fair haven, michigan, usa;56.0
259320;foster city, california, usa;41.0
259430;mission, texas, usa;24.0
259626;austin, texas, usa;2.0
259629;carrollton, texas, usa;51.0
259901;thompson, manitoba, canada;
259930;miami, florida, usa;25.0
260183;st catharines, ontario, canada;25.0
260419;fairview, oregon, usa;32.0
260897;chicago, illinois, usa;25.0
260944;stratford, connecticut, usa;
261603;san bernardino, california, usa;27.0
261829;fpo, ap, usa;32.0
261998;seal beach, california, usa;28.0
262902;sydney, new south wales, australia;32.0
262998;melbourne, victoria, australia;
263163;austin, texas, usa;26.0
263325;fredericton, new brunswick, canada;27.0
263383;arlington, ,;
263645;st. catharines, ontario, canada;28.0
263877;victoria, british columbia, canada;44.0
264031;traverse city, michigan, usa;34.0
264082;irving, texas, usa;42.0
264152;boston, massachusetts, usa;
264311;atlantic highlands, new jersey, usa;29.0
264317;portela de sacavém, loures, portugal;25.0
264321;toronto, ontario, canada;33.0
264525;quezon city, manila, philippines;17.0
264543;quincy, massachusetts, usa;
264657;st. louis, missouri, usa;23.0
264947;la mesa, california, usa;
265115;vista, california, usa;
265313;morrisville, north carolina, usa;33.0
265487;kaneohe, hawaii, usa;75.0
265751;sebastopol, california, usa;
265889;kitchener, ontario, canada;30.0
266056;hoover, alabama, usa;47.0
266164;st. charles, illinois, usa;
266226;new york, new york, usa;
266268;camden, south carolina, usa;
266283;walla walla, washington, usa;62.0
266355;el cajon, california, usa;
266466;kenmore, washington, usa;45.0
266840;columbia, south carolina, usa;22.0
266865;reston, virginia, usa;33.0
266866;northamptonshire, england, united kingdom;33.0
267033;tucson, arizona, usa;
267510;klang, selangor, malaysia;23.0
267635;bartlesville, oklahoma, usa;69.0
267830;fort worth, texas, usa;101.0
268030;christchurch, canterbury, new zealand;
268032;sunnyvale, california, usa;34.0
268110;westerville, ohio, usa;
268300;halifax, nova scotia, canada;25.0
268622;upper township, new jersey, usa;36.0
268657;petaling jaya, selangor darul ehsan, malaysia;20.0
268751;sheboygan, wisconsin, usa;34.0
268932;red deer, alberta, canada;38.0
269273;costa mesa, california, usa;
269386;roberts, montana, usa;36.0
269566;seattle, washington, usa;9.0
269799;new york, new york, usa;
269835;loveland, colorado, usa;25.0
269890;niles, michigan, usa;27.0
270352;lombard, illinois, usa;31.0
270554;fredericton, new brunswick, canada;
270605;bourbonnais, illinois, usa;
270713;toronto, ontario, canada;27.0
270737;stowe, vermont, usa;63.0
270801;boise, idaho, usa;56.0
270820;west bend, wisconsin, usa;52.0
270838;rosemead, california, usa;53.0
271144;albuquerque, new mexico, usa;25.0
271176;louisville, kentucky, usa;39.0
271195;elsmere, kentucky, usa;39.0
271306;dallas, texas, usa;39.0
271448;ona, west virginia, usa;27.0
271460;saint louis, missouri, usa;63.0
271531;wenonah, new jersey, usa;32.0
271538;alexandria, virginia, usa;23.0
271558;henderson, nevada, usa;35.0
271622;malmok, n/a, aruba;
271705;atlanta, georgia, usa;25.0
272225;morecambe, england, united kingdom;49.0
272407;lakewood, colorado, usa;32.0
272573;poway, california, usa;23.0
273086;chicago, illinois, usa;33.0
273113;topeka, kansas, usa;18.0
273190;coconut grove, ,;71.0
273307;san francisco, california, usa;
273813;lynchburg, virginia,;
273976;saratoga, california, usa;20.0
273979;bloomsburg, pennsylvania, usa;20.0
274004;sydenham, london, england, united kingdom;41.0
274056;seattle, washington, usa;24.0
274061;gahanna/columbus, ohio, usa;26.0
274301;frankston, victoria, australia;41.0
274308;delray beach, florida, usa;33.0
274325;amsterdam, n/a, netherlands;51.0
274393;san francisco, california, usa;
274549;san diego, california, usa;
274634;wahiawa, hawaii, usa;33.0
274808;paynesville, , usa;17.0
275154;san diego, california, usa;
275970;pittsburgh, pennsylvania, usa;46.0
276050;beacon, new york, usa;30.0
276165;las vegas, nevada, usa;20.0
276231;livingston, texas, usa;
276641;porto, porto, portugal;25.0
276680;hopewell junction, new york, usa;55.0
277427;gilbert, arizona, usa;48.0
277523;woodstock, virginia, usa;62.0
277945;webster groves, missouri, usa;
278026;east orange, new jersey, usa;56.0
278194;aptos, california, usa;
278535;oshkosh, wisconsin, usa;
278582;slidell, louisiana, usa;
278633;sandy, utah, usa;
278843;pismo beach, california, usa;28.0
